<annotation>
  <folder>input\back_day_none_4_001_mp4</folder>
  <filename>back_day_none_4_001_mp4_17.jpg</filename>
  <path>C:\Users\azizb\OneDrive - Cranfield University\Group Project\labeling\OpenLabeling-master\main\input\back_day_none_4_001_mp4\back_day_none_4_001_mp4_17.jpg</path>
  <source>
    <database>Unknown</database>
  </source>
  <size>
    <width>1280</width>
    <height>720</height>
    <depth>3</depth>
  </size>
  <segmented>0</segmented>
  <object>
    <name>Marshaller</name>
    <pose>Unspecified</pose>
    <truncated>0</truncated>
    <difficult>0</difficult>
    <bndbox>
      <xmin>1</xmin>
      <ymin>336</ymin>
      <xmax>628</xmax>
      <ymax>714</ymax>
    </bndbox>
  </object>
  <object>
    <name>Aircraft</name>
    <pose>Unspecified</pose>
    <truncated>0</truncated>
    <difficult>0</difficult>
    <bndbox>
      <xmin>364</xmin>
      <ymin>61</ymin>
      <xmax>954</xmax>
      <ymax>259</ymax>
    </bndbox>
  </object>
  <object>
    <name>Worker</name>
    <pose>Unspecified</pose>
    <truncated>0</truncated>
    <difficult>0</difficult>
    <bndbox>
      <xmin>842</xmin>
      <ymin>442</ymin>
      <xmax>897</xmax>
      <ymax>575</ymax>
    </bndbox>
  </object>
  <object>
    <name>Worker</name>
    <pose>Unspecified</pose>
    <truncated>0</truncated>
    <difficult>0</difficult>
    <bndbox>
      <xmin>113</xmin>
      <ymin>314</ymin>
      <xmax>141</xmax>
      <ymax>382</ymax>
    </bndbox>
  </object>
  <object>
    <name>Worker</name>
    <pose>Unspecified</pose>
    <truncated>0</truncated>
    <difficult>0</difficult>
    <bndbox>
      <xmin>252</xmin>
      <ymin>220</ymin>
      <xmax>274</xmax>
      <ymax>250</ymax>
    </bndbox>
  </object>
</annotation>
